{
    "0": 17565895.706352066,
    "1": 25760583.86561471,
    "2": 37634959.954855934,
    "3": 40670841.133746155,
    "4": 41785564.44038273,
    "5": 44893701.80482424,
    "6": 48815793.57857705,
    "7": 49419919.159471735,
    "8": 49661625.08886706,
    "9": 51149544.84756497,
    "10": 55981460.48097437,
    "11": 59871069.072165236,
    "12": 64937638.61349168,
    "13": 64819655.70852388,
    "14": 70314037.60975821,
    "15": 76136239.99237451,
    "16": 80342132.80807456,
    "17": 87837581.4760008,
    "18": 90494986.39249378,
    "19": 92010470.12589845,
    "20": 101646948.36864324,
    "21": 104300884.22840412,
    "22": 106629503.51070169,
    "23": 114054234.07531434,
    "24": 119357309.46706387,
    "25": 119798025.70225678,
    "26": 127314427.45666991,
    "27": 131757156.56036825,
    "28": 132821795.53567809,
    "29": 138316993.12269354,
    "30": 142914454.78720114,
    "31": 147142531.6635014,
    "32": 151990390.68172985,
    "33": 154562107.70604512,
    "34": 157705170.11878562,
    "35": 160826984.35572976,
    "36": 165045928.18576008,
    "37": 169563674.03629035,
    "38": 175694495.40410396,
    "39": 179460302.8117296,
    "40": 180449782.1645651,
    "41": 188708994.25379035,
    "42": 188066326.52794597,
    "43": 194628060.2376088,
    "44": 194970501.87012506,
    "45": 201858319.31012467,
    "46": 204009165.4635385,
    "47": 207814510.2016291,
    "48": 213275689.8351527,
    "49": 216885474.68657187,
    "50": 217006888.4015182,
    "51": 221710209.42334118,
    "52": 223866761.35191786,
    "53": 227433547.23811975,
    "54": 231825658.34900266,
    "55": 233532791.96951762,
    "56": 237941238.84492218,
    "57": 240324705.484756,
    "58": 248070397.4699982,
    "59": 246032026.58484232,
    "60": 251809335.7262811,
    "61": 250147971.09155315,
    "62": 257206518.76169094,
    "63": 257919753.5232019,
    "64": 256808511.45843947,
    "65": 262132176.11495262,
    "66": 265393505.65810716,
    "67": 266800447.04005197,
    "68": 268472923.5869749,
    "69": 272176485.7161269,
    "70": 275342644.5950608,
    "71": 273146208.49771124,
    "72": 275011627.0049013,
    "73": 278010554.2628105
}