{
    "0": 13316934.760401156,
    "1": 6645193.039097655,
    "2": 5627900.721571362,
    "3": 6419997.288238139,
    "4": 8297614.7434884645,
    "5": 9618824.535832345,
    "6": 11490710.756099613,
    "7": 11984801.033771599,
    "8": 12820834.160520684,
    "9": 12715064.13699232,
    "10": 13994391.861364909,
    "11": 13891933.732106162,
    "12": 14630092.776265876,
    "13": 14881432.346650384,
    "14": 15317483.752000168,
    "15": 14681877.292572659,
    "16": 15893918.006389277,
    "17": 17582599.399786074,
    "18": 17137847.99919897,
    "19": 16480970.715077644,
    "20": 18695081.2027307,
    "21": 17993035.532357212,
    "22": 20241232.271932818,
    "23": 17837590.70428872,
    "24": 20499510.188880783,
    "25": 22253084.033566423,
    "26": 22215883.069363005,
    "27": 20986491.62849697,
    "28": 23112910.701839466,
    "29": 24360986.362292103,
    "30": 23819273.4471213,
    "31": 22113963.706651974,
    "32": 24727731.175239917,
    "33": 26826789.833305698,
    "34": 24863075.19107459,
    "35": 26710718.557764325,
    "36": 27851412.117338546,
    "37": 29537750.04804435,
    "38": 30988492.96685063,
    "39": 30031709.85900464,
    "40": 33685804.009170234,
    "41": 32264326.669173587,
    "42": 34365411.05773242,
    "43": 32910219.968839515,
    "44": 36893436.82918472,
    "45": 36542514.53827556,
    "46": 39355350.8148333,
    "47": 39607396.245430335,
    "48": 39323930.673613995,
    "49": 41056773.81743161,
    "50": 43635260.72784727,
    "51": 43895771.57444399,
    "52": 47259423.7838763,
    "53": 47111228.58470942,
    "54": 48577774.27836104,
    "55": 49209045.59881707,
    "56": 48916035.613788,
    "57": 48741144.78095118,
    "58": 54299762.67738915,
    "59": 55952796.4298142,
    "60": 56654019.392027065,
    "61": 58241471.05858956,
    "62": 62483808.25865528,
    "63": 59518899.08053133,
    "64": 63332667.80613214,
    "65": 68393155.96510844,
    "66": 70521493.88507266,
    "67": 70133936.25296712,
    "68": 70427888.3601514,
    "69": 74684139.49870832,
    "70": 75714440.38840654,
    "71": 76687277.78079739,
    "72": 79764894.62601331,
    "73": 82009631.51503514,
    "74": 82263655.73073944,
    "75": 85129509.6622061,
    "76": 81560290.1428337,
    "77": 90145194.6002129,
    "78": 89079388.42459776,
    "79": 87371040.09032926,
    "80": 90578701.63699926,
    "81": 90422446.22533323,
    "82": 90042213.10077024,
    "83": 89535466.30610539,
    "84": 86343321.26980437,
    "85": 87167079.27130756,
    "86": 92176661.9702391,
    "87": 89566432.74178182,
    "88": 93224768.05914699,
    "89": 92815673.69595179,
    "90": 94869159.82903773,
    "91": 91675504.39814007,
    "92": 97555027.74228485,
    "93": 96581301.54936294,
    "94": 99451281.80711731,
    "95": 97870493.1074581,
    "96": 99313624.62635629,
    "97": 103355167.1424667,
    "98": 94647385.53435068,
    "99": 100496676.78314464,
    "100": 99519295.09346005
}