run1,gen1,playouts1,run2,gen2,playouts2,r1_white_win_rate,r1_black_win_rate,r1_win_rate
DEFAULT_5000_games,50,14277050400.0,ENDGAME_PLAYOUTS_uniat100_few_games,0,0.0,1.0,1.0,1.0
DEFAULT_5000_games,50,14277050400.0,ENDGAME_PLAYOUTS_uniat100_few_games,3,80961439.52682272,1.0,1.0,1.0
DEFAULT_5000_games,50,14277050400.0,ENDGAME_PLAYOUTS_uniat100_few_games,6,208311546.90577585,1.0,1.0,1.0
DEFAULT_5000_games,50,14277050400.0,ENDGAME_PLAYOUTS_uniat100_few_games,9,356208884.73269165,1.0,1.0,1.0
DEFAULT_5000_games,50,14277050400.0,ENDGAME_PLAYOUTS_uniat100_few_games,12,523210959.13339627,1.0,1.0,1.0
DEFAULT_5000_games,50,14277050400.0,ENDGAME_PLAYOUTS_uniat100_few_games,15,723282291.06517,1.0,1.0,1.0
DEFAULT_5000_games,50,14277050400.0,ENDGAME_PLAYOUTS_uniat100_few_games,18,967598245.34162,0.96,0.98,0.97
DEFAULT_5000_games,50,14277050400.0,ENDGAME_PLAYOUTS_uniat100_few_games,21,1251750650.2286553,0.9,0.94,0.9199999999999999
DEFAULT_5000_games,50,14277050400.0,ENDGAME_PLAYOUTS_uniat100_few_games,24,1576735272.0430753,0.9,0.88,0.89
